,total_return,daily_volatility,daily_sharpe,max_drawdown,calmar_ratio
baseline_equal_weight,0.45828542645249226,0.007912787227116202,0.13080921929597042,-0.06194856223205569,4.643920152617411
markowitz_mvp,0.0837687444181181,0.008075960275899557,0.030535784924709788,-0.09930015380754287,0.5578525953668341
random_forest,0.44674021274892617,0.008058655487404738,0.12595084696317307,-0.0663879814333811,4.230324379399768
