,total_return,daily_volatility,daily_sharpe,max_drawdown,calmar_ratio
baseline_equal_weight,0.45828542645249226,0.007912787227116202,0.13080921929597042,-0.06194856223205569,4.643920152617411
markowitz_mvp,0.0837687444181181,0.008075960275899557,0.030535784924709788,-0.09930015380754287,0.5578525953668341
random_forest,0.4467402127489275,0.008058655487404738,0.12595084696317294,-0.06638798143338098,4.2303243793997884
